Mood,Prompt
Happy,Describe a simple pleasure you noticed today.
Happy,What sensation in your body tells you you're happy right now?
Happy,If this joy had a color, what would it be?
Happy,What small success can you celebrate?
Happy,Describe the quality of light in a moment you felt happy.
Happy,What is one thing you are proud of, just for today?
Happy,Imagine bottling this feeling. What would the label say?
Happy,What sound is connected to this feeling of happiness?
Happy,How can you share a piece of this joy with someone else?
Happy,What part of your body feels most relaxed and at ease?
Happy,Describe a taste that brought you a moment of delight.
Happy,What strength did you use today that made you feel good?
Happy,If this happiness were a piece of music, what would it sound like?
Happy,What is one beautiful thing you saw today?
Happy,How does the air feel on your skin in this happy moment?
Happy,What thought can you release to make more space for this joy?
Happy,Describe a moment of connection that warmed you.
Happy,What are you grateful for in this exact moment?
Happy,Imagine this feeling of joy as a warm light. Where do you feel it?
Happy,What is a simple, everyday object that brings you comfort?
Happy,What value of yours was honored in a moment of happiness today?
Happy,Describe the feeling of a genuine smile on your face.
Happy,What future possibility are you excited about?
Happy,If this joy were a plant, what would it be and how would you tend to it?
Happy,What is one thing you did today just for the fun of it?
Happy,Describe a texture that feels comforting or joyful to you now.
Happy,What is the kindest thing you did for yourself today?
Happy,How can you carry this feeling with you into the next hour?
Happy,What part of nature reflects your current state of happiness?
Happy,What did you learn today that sparked a sense of wonder?
Happy,Describe a moment when you felt completely like yourself.
Happy,What is a simple truth that is bringing you peace right now?
Happy,If you could give this feeling a gentle name, what would it be?
Happy,What are you looking forward to, without expectation?
Happy,How did your body know you were happy before your mind did?
Happy,Describe a smell that you associate with pure contentment.
Happy,What is one thing you can let go of to protect this feeling?
Happy,What is a quiet joy, known only to you?
Happy,Imagine your breath carrying this happiness to every cell. Describe it.
Happy,What is a memory that brings an easy smile to your face?
Happy,How does this happiness want to be expressed?
Happy,What is something you appreciate about your own character today?
Happy,Describe the rhythm of your breathing when you feel content.
Happy,What is one choice you made today that led to this feeling?
Happy,If this joy were a landscape, what would you see?
Happy,What is the simplest ingredient of your current happiness?
Happy,How can you anchor this feeling in your body?
Happy,What words of encouragement does your happy self have for you?
Happy,Describe a moment of ease or flow you experienced.
Happy,What is one thing you can do to thank yourself for this moment?
Sad,What kind words does this sadness need to hear?
Sad,If this sadness were a landscape, what would it look like?
Sad,Where in your body do you feel this sadness most?
Sad,What is this sadness trying to protect you from?
Sad,Imagine holding this feeling with gentle hands. What does it feel like?
Sad,If your sadness could speak, what would its first word be?
Sad,What is one small thing you can do to comfort yourself right now?
Sad,Describe the texture of your sadness. Is it rough, smooth, heavy?
Sad,If this feeling were a color, what shade would it be?
Sad,What does this sadness ask of you? Stillness? Tears?
Sad,Imagine your breath reaching the place where you feel sad. What happens?
Sad,What memory is this sadness connected to?
Sad,If this sadness were a creature, how would you care for it?
Sad,What is one thing you know to be true, even in this sadness?
Sad,What is the shape of this feeling in your body?
Sad,If you could ask your sadness one question, what would it be?
Sad,What part of nature understands this feeling? Rain? A winter tree?
Sad,Describe the sound of this sadness. Is it loud or quiet?
Sad,What strength is helping you sit with this feeling?
Sad,What is one thing this sadness is teaching you about what you value?
Sad,Imagine a compassionate friend sitting with you. What would they say?
Sad,What is a simple comfort your body is craving? A warm drink? A blanket?
Sad,If this sadness had a weight, how heavy would it be?
Sad,What are you grieving the loss of right now?
Sad,Can you allow this feeling to be here, just for this moment?
Sad,If you were to write a short poem to express your sadness, what would it say?
Sad,What is one thing you can release control over at this moment?
Sad,Describe the rhythm of this sadness. Is it a wave or a still lake?
Sad,What part of you feels the need for extra kindness today?
Sad,If this sadness were a room, what would be in it?
Sad,What is a gentle action you can take to honor this feeling?
Sad,What is the temperature of this sadness?
Sad,Imagine this feeling as a cloud passing in the sky of your awareness.
Sad,What is a hope you can hold onto, however small?
Sad,How can you make your physical space more comforting right now?
Sad,What is a simple truth this sadness is revealing?
Sad,If this feeling were a journey, where would it be leading?
Sad,What does your younger self need to hear from you at this moment?
Sad,Describe the taste of this sadness, if it had one.
Sad,What is one expectation you can let go of?
Sad,If you gave this sadness a voice, what is its tone?
Sad,What is a compassionate message you can offer yourself?
Sad,How does this sadness change when you simply observe it?
Sad,What is a source of gentleness in your life right now?
Sad,If this sadness were a song, what would be its title?
Sad,What is the most compassionate thing you can believe about yourself today?
Sad,Describe the space around the sadness in your body.
Sad,What is a simple act of care you can offer your body?
Sad,If this feeling could be transformed into a gift, what would it be?
Sad,What is one breath, one moment of peace you can find within this?
Angry,What deep value of yours has been violated?
Angry,What boundary was crossed?
Angry,If this anger had a voice, what is it shouting?
Angry,Where do you feel the heat of this anger in your body?
Angry,What is this anger trying to protect?
Angry,What part of this situation is truly within your control?
Angry,If this anger were pure energy, how could you channel it constructively?
Angry,What is the injustice at the heart of this feeling?
Angry,Describe the physical sensation of this anger. Is it sharp, buzzing, tight?
Angry,What does this anger want you to say no to?
Angry,Imagine this anger as a fire. How can you tend to it without getting burned?
Angry,What is a clear, calm action this anger is calling for?
Angry,What lies beneath the anger? Hurt? Fear?
Angry,If this anger were an animal, what would it be?
Angry,What is one thing you can do to release the physical tension?
Angry,What is the core message this anger has for you?
Angry,How can you express this feeling without causing harm?
Angry,If you could write a letter to this anger, what would you say?
Angry,What is a powerful, assertive statement that honors this feeling?
Angry,Imagine pouring this anger's energy into a creative act. What would you make?
Angry,What is a perspective that might cool the flames of this anger?
Angry,Describe the shape and color of this anger in your mind's eye.
Angry,What is a need that is not being met?
Angry,If this anger had a demand, what would it be?
Angry,How can you create space between the feeling and your reaction?
Angry,What does your wisest self know about this anger?
Angry,If this anger were a storm, what kind would it be?
Angry,What is one thought that is fueling this fire? Can you question it?
Angry,What does it feel like to clench and then release your fists?
Angry,What truth is this anger asking you to speak?
Angry,How can you honor the protective instinct of this anger?
Angry,If this anger could be transformed into a superpower, what would it be?
Angry,What is a small, controllable step you can take?
Angry,Describe the sound this anger makes.
Angry,What does this anger fear will happen if it is not heard?
Angry,How would you explain this anger to a compassionate friend?
Angry,What is a physical movement that could express this energy safely?
Angry,What part of your life is this anger asking you to look at more closely?
Angry,If you could give this anger a mission, what would it be?
Angry,What is a compassionate boundary you can set?
Angry,How does your breath change when you feel this anger?
Angry,What is the difference between this anger and aggression?
Angry,If this anger were a teacher, what is its lesson?
Angry,What is a choice you can make right now that aligns with your values?
Angry,Describe the moment just before the anger arose.
Angry,How can you ground this fiery energy into the earth?
Angry,What is a belief about anger that you can let go of?
Angry,If this anger could build something, what would it build?
Angry,What does it feel like to acknowledge this anger without judgment?
Angry,What is a single word that captures the essence of this feeling?
Surprised,What expectation was just challenged?
Surprised,What is the very first sensation you felt with this surprise?
Surprised,What new information did this moment reveal?
Surprised,Describe the moment just before the surprise.
Surprised,If this surprise were a doorway, where might it lead?
Surprised,What does this moment invite you to be curious about?
Surprised,How did your body physically react to this surprise?
Surprised,What is one thing you can learn from this unexpected turn?
Surprised,If this surprise had a sound, what would it be?
Surprised,What belief about the world did this moment shake?
Surprised,How can you find your footing in this new reality?
Surprised,Describe the feeling of not knowing that comes with surprise.
Surprised,What is the opportunity hidden within this surprise?
Surprised,Imagine this surprise as a gift, even if strangely wrapped. What's inside?
Surprised,What part of you feels most awake right now?
Surprised,How does your breath feel in the aftermath of this surprise?
Surprised,What is a question this surprise is asking you?
Surprised,If this moment were a plot twist in your story, what is its purpose?
Surprised,What is one thing you can do to ground yourself right now?
Surprised,Describe the expression on your face when you were surprised.
Surprised,What is a strength you have that can help you navigate this?
Surprised,How does this surprise change your plans for the day?
Surprised,If this surprise were a weather pattern, what would it be?
Surprised,What can you let go of to adapt to this new situation?
Surprised,Describe the colors and shapes you noticed in the moment of surprise.
Surprised,What is the difference between surprise and shock for you?
Surprised,How can you meet this moment with openness instead of resistance?
Surprised,What part of your inner landscape has been illuminated by this?
Surprised,If this surprise were a messenger, what is its message?
Surprised,What feels possible now that wasn't before?
Surprised,How does this moment challenge your need for control?
Surprised,Describe the energy of this surprise. Is it chaotic, exciting, jarring?
Surprised,What is a simple, calming action you can take?
Surprised,What story were you telling yourself that this surprise interrupted?
Surprised,How can you embrace the mystery of this moment?
Surprised,What is the most interesting aspect of this surprise?
Surprised,If you had to give this surprising event a title, what would it be?
Surprised,What does your intuition say about this situation?
Surprised,How can you find a sense of playfulness in this unexpected moment?
Surprised,What is a resource (inner or outer) you can call on right now?
Surprised,Describe the silence or noise that followed the surprise.
Surprised,What is one assumption you can release?
Surprised,How does this surprise connect to a larger pattern in your life?
Surprised,If you could zoom out and see this moment from afar, what would you notice?
Surprised,What is a new perspective this surprise offers you?
Surprised,How can you welcome the unknown in this moment?
Surprised,What does your body need to process this surprise?
Surprised,If this surprise were a seed, what might it grow into?
Surprised,What is a simple truth you can hold onto amidst this change?
Surprised,How has this moment reminded you that you are alive?
Playful,If your current mood were a dance, what would it look like?
Playful,What is a silly face you can make yourself right now?
Playful,If you had a secret superpower for the next hour, what would it be?
Playful,Describe an imaginary creature that could be your companion today.
Playful,What is a rule you can playfully break?
Playful,If you could invent a new, wonderful word, what would it be and what would it mean?
Playful,What is something you can do today with no goal in mind?
Playful,Imagine your inner child is in charge. What do they want to do?
Playful,If you had to describe your day as a comic strip, what would happen in the next panel?
Playful,What is a song that makes you want to move, however silly?
Playful,If your worries were bubbles, what would it feel like to pop them?
Playful,What is a small, delightful secret you can create for yourself?
Playful,Describe the world from the perspective of a cat or a bird.
Playful,What is a playful way to approach a task you've been avoiding?
Playful,If your hands wanted to play, what would they create? A doodle? A gesture?
Playful,What is the most ridiculous compliment you can give yourself?
Playful,Imagine you could walk on clouds. What would it feel like?
Playful,What is a color that feels playful to you today? Why?
Playful,If you could have a conversation with an inanimate object, what would you ask?
Playful,What is a simple pleasure you can indulge in without guilt?
Playful,Describe a sound that makes you giggle.
Playful,If you were to give today a playful theme, what would it be?
Playful,What is a fun texture you can find and touch right now?
Playful,Imagine your thoughts are mischievous sprites. What are they up to?
Playful,What is a childhood game you loved? Can you capture its feeling?
Playful,If you could wear something utterly impractical for an hour, what would it be?
Playful,What is a playful wish you can make for someone else?
Playful,Describe a completely useless but wonderful invention.
Playful,If you could add a slide or a swing to your daily commute, where would it go?
Playful,What is a lighthearted mantra you can repeat today?
Playful,Imagine your responsibilities are taking a short nap. What do you do?
Playful,What is a funny memory that still makes you smile?
Playful,If you could speak a secret language with trees, what would you talk about?
Playful,What is a playful way to arrange objects on your desk or table?
Playful,Describe the taste of a food that feels like a celebration.
Playful,If you were a character in a story, what quirky habit would you have?
Playful,What is a small, spontaneous act of kindness you could perform?
Playful,Imagine you can breathe in a color. What color do you choose and how does it feel?
Playful,What is a question that has no answer, but is fun to think about?
Playful,If your shadow could dance, what would its moves be?
Playful,What is a simple, joyful noise you can make right now?
Playful,Describe a place, real or imagined, where you feel completely free to be silly.
Playful,If you were to rename the clouds, what would you call them?
Playful,What is a playful promise you can make to yourself for tomorrow?
Playful,Imagine you are a detective of delight. What clues have you found today?
Playful,What is a gentle way to tease your own seriousness?
Playful,If you could have any animal's ability for a day, which would you choose?
Playful,Describe the feeling of skipping instead of walking.
Playful,What is a playful secret you can share with your journal?
Playful,If laughter were a physical object, what would it be?
Shy,What does your shyness protect?
Shy,If your shyness were a gentle creature, how would you approach it?
Shy,Describe the quiet space your shyness creates for you.
Shy,What is a strength you possess that is related to your sensitivity?
Shy,In what situations do you feel most comfortable with yourself?
Shy,What does your shy part need to feel safe?
Shy,If your shyness had a color, what soft shade would it be?
Shy,What is one thought you've been hesitant to share, even with yourself?
Shy,Describe the physical sensation of shyness in your body.
Shy,What is a simple, low-pressure way to connect with someone today?
Shy,If you could offer a kind word to your shyness, what would it be?
Shy,What is a quality you admire in others that you also see in yourself?
Shy,Describe a safe, imaginary sanctuary for your shy self.
Shy,What is one thing you are curious about that you can explore on your own?
Shy,How does your shyness help you be a better observer?
Shy,What is a small step you can take toward a situation that feels daunting?
Shy,If your shyness were a piece of clothing, what would it be? A soft sweater? A veil?
Shy,What is a conversation you enjoy having in your own mind?
Shy,What does it feel like to simply allow the shyness to be there, without fighting it?
Shy,What is a creative talent you can nurture in private?
Shy,Describe the feeling of being seen and accepted just as you are.
Shy,What is a boundary you can set to protect your energy?
Shy,If shyness were a form of weather, would it be a gentle mist or a fog?
Shy,What is a topic you feel passionate about, even if you don't speak of it often?
Shy,How can you be your own best friend in a moment of social anxiety?
Shy,What is a simple gesture of self-compassion you can offer yourself?
Shy,Describe the difference between being alone and being lonely.
Shy,What is one authentic thing you can share about yourself, in a safe way?
Shy,If your inner world were a garden, what would be growing there?
Shy,What is a quiet activity that recharges your spirit?
Shy,How does your breath feel when you notice your shyness?
Shy,What is a compliment you can practice receiving?
Shy,If you didn't have to worry about judgment, what would you express?
Shy,What is a comfortable silence you have shared with someone?
Shy,Describe the unique way you see the world.
Shy,What is a small risk you can take that feels empowering?
Shy,If your shyness had a voice, what would it whisper?
Shy,What is a book, movie, or song that makes you feel understood?
Shy,How can you honor your need for solitude?
Shy,What is a quality you appreciate in a good listener? Do you have it?
Shy,Imagine your shyness as a protective shield. What is it made of?
Shy,What is a simple truth about yourself that you can rest in?
Shy,Describe a time you felt brave, even while feeling shy.
Shy,What is a gentle way to prepare for a social situation?
Shy,If you could communicate without words, what would you convey?
Shy,What does your body need when you feel exposed?
Shy,What is a dream or hope you hold in the quiet of your heart?
Shy,How can you celebrate your introspective nature?
Shy,What is a kind assumption you can make about what others are thinking?
Shy,If your shyness were a gift, what wisdom would it contain?
Frustrated,What is the specific obstacle you are facing?
Frustrated,What is one thing about this situation you cannot change?
Frustrated,What is one small thing you can change?
Frustrated,Where in your body do you feel this frustration? A tight jaw? Clenched fists?
Frustrated,What expectation is not being met?
Frustrated,If you were to take a deep breath and loosen your grip, what would happen?
Frustrated,What is this frustration telling you about what you truly want?
Frustrated,Imagine this frustration as a tangled knot. Can you gently pull on one thread?
Frustrated,What is a different approach you haven't tried yet?
Frustrated,If this frustration were a teacher, what is its lesson in patience?
Frustrated,What part of this process can you surrender control over?
Frustrated,Describe the feeling of resistance in your body.
Frustrated,What is a compassionate phrase you can say to yourself right now?
Frustrated,If you zoomed out, how important would this be in a year? A month?
Frustrated,What is one small step you can take that feels like progress?
Frustrated,If this frustration had a sound, what would it be?
Frustrated,What is a belief that is adding to this frustration?
Frustrated,How can you work with this situation, instead of against it?
Frustrated,What is a resource you have that could help you here?
Frustrated,Imagine this frustration as a stuck door. Do you need to push, pull, or find a key?
Frustrated,What is a simple action you can take to reset your nervous system?
Frustrated,What is the story you are telling yourself about this obstacle?
Frustrated,If you had to ask for help, what would you ask for?
Frustrated,What value is this frustration asking you to honor? Persistence? Flexibility?
Frustrated,Describe the energy of this frustration. Is it hot, sharp, heavy?
Frustrated,What would the path of least resistance look like?
Frustrated,How can you bring a sense of curiosity to this problem?
Frustrated,What is one thing you can do to release the physical tension of this feeling?
Frustrated,If this frustration were a message, what would it say in one word?
Frustrated,What is a comforting thought you can focus on for one minute?
Frustrated,How is this situation testing your resilience?
Frustrated,What would happen if you paused all effort for just ten minutes?
Frustrated,If this frustration were a character, what would it want?
Frustrated,What is a past challenge you overcame? What strength did you use then?
Frustrated,Describe the feeling of trying to force something.
Frustrated,What is a perspective that would make this feel less personal?
Frustrated,How can you redefine success in this specific situation?
Frustrated,If this frustration could be channeled into a workout, what would it be?
Frustrated,What is a simple truth that can ground you right now?
Frustrated,What is a boundary you might need to set?
Frustrated,If you were advising a friend in this situation, what would you say?
Frustrated,What is one thing you can appreciate about your own efforts, regardless of the outcome?
Frustrated,How does your breath change when you focus on this frustration?
Frustrated,What is a small piece of this problem you can solve right now?
Frustrated,If this frustration were a locked gate, where might you find the key?
Frustrated,What is a need that this frustration is highlighting?
Frustrated,How can you be more gentle with yourself in this process?
Frustrated,What would it feel like to accept the situation, just for this moment?
Frustrated,If this were a puzzle, what piece are you trying to force?
Frustrated,What is a single word that represents a more peaceful approach?
Scared,What is this fear trying to protect you from?
Scared,Where do you feel this fear in your body? A cold stomach? A fast heart?
Scared,If you could speak to your fear, what would you ask?
Scared,What is one thing you know for certain in this moment of uncertainty?
Scared,Imagine a source of great strength, real or imagined. What does it feel like?
Scared,What is the smallest, bravest step you can take right now?
Scared,If this fear had a shape and color, what would it be?
Scared,What is a compassionate message your fear needs to hear from you?
Scared,Describe the ground beneath your feet. Feel its solid support.
Scared,What is a past time you felt scared and made it through?
Scared,If this fear were a creature, how could you soothe it?
Scared,What is within your control in this situation?
Scared,Imagine holding a warm, glowing light of courage in your hands.
Scared,What is the story this fear is telling you? Is it 100% true?
Scared,How does your breath feel? Can you make your exhale a little longer than your inhale?
Scared,What is a strength you possess that this fear makes you forget?
Scared,If this fear were a voice, what is its tone? Can you soften it?
Scared,What would your wisest, most courageous self do?
Scared,What is a simple, physical action you can do to feel more grounded?
Scared,If this fear were a shadow, how could you turn on a light?
Scared,What is a comforting fact you can hold onto?
Scared,Name three things you can see and two things you can hear right now.
Scared,If you could borrow courage from a hero or mentor, who would it be?
Scared,What is this fear asking you to be prepared for?
Scared,How can you be kind to the part of you that feels scared?
Scared,If this fear were a cold wind, what could be your warm coat?
Scared,What is a value that is more important to you than this fear?
Scared,Describe the difference between a real threat and a perceived threat.
Scared,What is a simple mantra you can repeat to yourself? (e.g., This feeling will pass.)
Scared,If you could shrink this fear down to a manageable size, how big would it be?
Scared,What is a safe space, real or imagined, you can go to in your mind?
Scared,What is one thing you can do to care for your body right now?
Scared,If this fear were a movie, can you imagine a positive ending?
Scared,What is a resource or person you can reach out to for support?
Scared,How does this fear change when you just watch it, without judging it?
Scared,What is a choice you can make that would honor your courage?
Scared,If this fear were a child, what would you say to comfort it?
Scared,What is the worst-case scenario? And how would you handle it?
Scared,Describe the feeling of your own heartbeat. It is a sign of life and strength.
Scared,What is something you are grateful for, even amidst this fear?
Scared,If this fear had a name, what would you call it?
Scared,How can you create a small island of calm in this moment?
Scared,What is a truth that is bigger than this fear?
Scared,If you were to take one step out of the fear's shadow, what would you see?
Scared,What is a simple, repetitive task you can do to calm your mind?
Scared,How can you acknowledge the fear's warning without obeying its command?
Scared,If this fear were a dark room, where is the light switch?
Scared,What is a brave action you have taken in your life?
Scared,Describe the feeling of your feet firmly planted on the earth.
Scared,What is a loving promise you can make to your scared self?
Peaceful,What is the sound of your own quiet breathing?
Peaceful,Where in your body do you feel this sense of peace most clearly?
Peaceful,Describe a color that represents this feeling of calm.
Peaceful,What thought or worry did you let go of to find this peace?
Peaceful,If this peace were a landscape, what would it be? A still lake? A quiet forest?
Peaceful,What is a simple, everyday ritual that brings you a sense of calm?
Peaceful,Describe the quality of the silence around you.
Peaceful,What is the texture of this peaceful feeling?
Peaceful,How can you carry a piece of this stillness into the rest of your day?
Peaceful,What is a simple truth that is bringing you peace right now?
Peaceful,Imagine this peace as a soft light filling your body. Describe it.
Peaceful,What is a scent that you associate with tranquility?
Peaceful,What is one thing you can do to protect this inner peace?
Peaceful,Describe the feeling of your muscles releasing tension.
Peaceful,If this peace had a gentle mantra, what would it be?
Peaceful,What part of nature mirrors your current state of calm?
Peaceful,How does the air feel on your skin in this moment of peace?
Peaceful,What is something you can forgive, in yourself or another, to deepen this peace?
Peaceful,Describe the sensation of your heartbeat when you feel at ease.
Peaceful,What is a simple, beautiful object in your view right now?
Peaceful,If this peace were a type of water, would it be a gentle stream or a deep well?
Peaceful,What is a boundary that helps you maintain your inner calm?
Peaceful,What are you grateful for in this quiet moment?
Peaceful,How can you create more moments like this in your week?
Peaceful,Describe the feeling of having nothing to do and nowhere to be, just for a minute.
Peaceful,If this peace were a gift, how would you share it?
Peaceful,What is a comforting sound in your environment?
Peaceful,Imagine your thoughts as leaves floating down a stream, passing by.
Peaceful,What is a simple act of care that contributed to this feeling?
Peaceful,If this peace had a taste, what would it be?
Peaceful,What is the rhythm of your peaceful state? Slow, steady, gentle?
Peaceful,How does your perspective shift when you feel at peace?
Peaceful,What is a worry that seems less important from this state of calm?
Peaceful,Describe the physical posture of your body when it is at peace.
Peaceful,If you could give this feeling a one-word name, what would it be?
Peaceful,What is the simplest ingredient of this peaceful moment?
Peaceful,How can you anchor this feeling in your memory to return to later?
Peaceful,What is a piece of music or a sound that enhances your sense of peace?
Peaceful,Describe the space between your thoughts.
Peaceful,What is a relationship in your life that feels peaceful?
Peaceful,If this peace were a shelter, what would it be made of?
Peaceful,What is one thing you don't need to control right now?
Peaceful,How does the light in the room contribute to your sense of calm?
Peaceful,What is a kind and peaceful wish you can have for yourself?
Peaceful,Describe the feeling of being fully present in your own skin.
Peaceful,What is a simple, sensory detail you can focus on to deepen this peace?
Peaceful,If this peace were a path, where would it lead?
Peaceful,What is a truth about yourself that you can rest in?
Peaceful,How can you trust this feeling of peace, even if it is fleeting?
Peaceful,What is one word of thanks you can offer for this moment of stillness?